FirstName,LastName,Email,PhoneNumber,UserType
Amir,Barry,amir.barry@gmail.com,36123456789,student
Rajan,Strong,rajan.strong@gmail.com,36234567890,teacher
Hamza,Sanchez,hamza.sanchez@gmail.com,36345678901,student
Marley,Carney,marley.carney@gmail.com,36456789012,teacher
Myrtle,Pratt,myrtle.pratt@gmail.com,36567890123,student
Jamal,Case,jamal.case@gmail.com,36678901234,teacher
Veronica,Bernard,veronica.bernard@gmail.com,36789012345,student
Iqra,Rocha,iqra.rocha@gmail.com,36890123456,teacher
Ricky,West,ricky.west@gmail.com,36901234567,student
Anya,Benson,anya.benson@gmail.com,36112345678,teacher
Keziah,Knapp,keziah.knapp@gmail.com,36223456789,student
Faris,Flynn,faris.flynn@gmail.com,36334567890,teacher
Abbey,Mcknight,abbey.mcknight@gmail.com,36445678901,student
Brian,Christensen,brian.christensen@gmail.com,36556789012,teacher
Uzair,Clayton,uzair.clayton@gmail.com,36667890123,student
Jonah,Daniels,jonah.daniels@gmail.com,36778901234,teacher
Jakob,Hooper,jakob.hooper@gmail.com,36889012345,student
Felicity,Francis,felicity.francis@gmail.com,36990123456,teacher
Verity,Park,verity.park@gmail.com,36101234567,student
Phoebe,Johnson,phoebe.johnson@gmail.com,36112345678,teacher
Bruno,Nichols,bruno.nichols@gmail.com,36223456789,student
Ioan,Mueller,ioan.mueller@gmail.com,36334567890,teacher
Bilal,Walters,bilal.walters@gmail.com,36445678901,student
Stefan,Bonner,stefan.bonner@gmail.com,36556789012,teacher
Aryan,Kline,aryan.kline@gmail.com,36667890123,student
Michelle,Haines,michelle.haines@gmail.com,36778901234,teacher
Maisey,Valdez,maisey.valdez@gmail.com,36889012345,student
Jenny,Harper,jenny.harper@gmail.com,36990123456,teacher
Lily_Rose,Barton,lilyrose.barton@gmail.com,36101234567,student
Darcie,Wilcox,darcie.wilcox@gmail.com,36112345678,teacher
Livia,Hickman,livia.hickman@gmail.com,36223456789,student
Amaan,Blair,amaan.blair@gmail.com,36334567890,teacher
Jonas,Matthews,jonas.matthews@gmail.com,36445678901,student
Rishi,Hardy,rishi.hardy@gmail.com,36556789012,teacher
Aysha,Kidd,aysha.kidd@gmail.com,36667890123,student
Eve,Munoz,eve.munoz@gmail.com,36778901234,teacher
Callum,Frazier,callum.frazier@gmail.com,36889012345,student
Darcy,Henderson,darcy.henderson@gmail.com,36990123456,teacher
Hana,Maxwell,hana.maxwell@gmail.com,36101234567,student
Calvin,Berg,calvin.berg@gmail.com,36112345678,teacher
Ruqayyah,Farrell,ruqayyah.farrell@gmail.com,36223456789,student
Santiago,Aguilar,santiago.aguilar@gmail.com,36334567890,teacher
Damian,Simon,damian.simon@gmail.com,36445678901,student
Nabil,Morrow,nabil.morrow@gmail.com,36556789012,teacher
Belle,Valencia,belle.valencia@gmail.com,36667890123,student
Marwa,Parker,marwa.parker@gmail.com,36778901234,teacher
Jada,Gregory,jada.gregory@gmail.com,36889012345,student
Zaina,Wilkins,zaina.wilkins@gmail.com,36990123456,teacher
Niall,Oconnor,niall.oconnor@gmail.com,36101234567,student
Alejandro,Ashley,alejandro.ashley@gmail.com,36112345678,teacher
Vinnie,Coleman,vinnie.coleman@gmail.com,36223456789,student
Wendy,Mayer,wendy.mayer@gmail.com,36334567890,teacher
Carmen,Bruce,carmen.bruce@gmail.com,36445678901,student
Betsy,Brown,betsy.brown@gmail.com,36556789012,teacher
Sana,Barker,sana.barker@gmail.com,36667890123,student
Muhammad,Carter,muhammad.carter@gmail.com,36778901234,teacher
Scarlet,Benton,scarlet.benton@gmail.com,36889012345,student
Miles,Sparks,miles.sparks@gmail.com,36990123456,teacher
Alana,Mcdowell,alana.mcdowell@gmail.com,36101234567,student
Cai,Holman,cai.holman@gmail.com,36112345678,teacher
Ronnie,Ramos,ronnie.ramos@gmail.com,36223456789,student
Noah,Chavez,noah.chavez@gmail.com,36334567890,teacher
Herman,Carroll,herman.carroll@gmail.com,36445678901,student
Annabel,Crawford,annabel.crawford@gmail.com,36556789012,teacher
Archibald,Frye,archibald.frye@gmail.com,36667890123,student
Alessia,Short,alessia.short@gmail.com,36778901234,teacher
Moshe,Nixon,moshe.nixon@gmail.com,36889012345,student
Bronte,Greer,bronte.greer@gmail.com,36990123456,teacher
Ricardo,Obrien,ricardo.obrien@gmail.com,36101234567,student
Dennis,Gamble,dennis.gamble@gmail.com,36112345678,teacher
Edna,Myers,edna.myers@gmail.com,36223456789,student
Abigail,Black,abigail.black@gmail.com,36334567890,teacher
Maia,Buckley,maia.buckley@gmail.com,36445678901,student
Brandon,Cross,brandon.cross@gmail.com,36556789012,teacher
Jacob,Gates,jacob.gates@gmail.com,36667890123,student
Ali,Cantrell,ali.cantrell@gmail.com,36778901234,teacher
Sadia,Larson,sadia.larson@gmail.com,36889012345,student
Colin,Massey,colin.massey@gmail.com,36990123456,teacher
Arthur,Montes,arthur.montes@gmail.com,36101234567,student
Aamir,Bean,aamir.bean@gmail.com,36112345678,teacher
Roosevelt,Church,roosevelt.church@gmail.com,36223456789,student
Seamus,Williamson,seamus.williamson@gmail.com,36334567890,teacher
Tim,Nolan,tim.nolan@gmail.com,36445678901,student
Humza,Sloan,humza.sloan@gmail.com,36556789012,teacher
Lewis,Hammond,lewis.hammond@gmail.com,36667890123,student
Riya,Hicks,riya.hicks@gmail.com,36778901234,teacher
Lillian,Holder,lillian.holder@gmail.com,36889012345,student
Christian,Cruz,christian.cruz@gmail.com,36990123456,teacher
Lyndon,Briggs,lyndon.briggs@gmail.com,36101234567,student
Chad,Gibbons,chad.gibbons@gmail.com,36112345678,teacher
Myles,Blankenship,myles.blankenship@gmail.com,36223456789,student
Mathilda,Pearce,mathilda.pearce@gmail.com,36334567890,teacher
Shayla,Dennis,shayla.dennis@gmail.com,36445678901,student
Jimmy,Howe,jimmy.howe@gmail.com,36556789012,teacher
Yusra,Shelton,yusra.shelton@gmail.com,36667890123,student
Silas,Giles,silas.giles@gmail.com,36778901234,teacher
Tessa,Carver,tessa.carver@gmail.com,36889012345,student
Natalie,Atkinson,natalie.atkinson@gmail.com,36990123456,teacher
Alan,Boyer,alan.boyer@gmail.com,36101234567,student
Raphael,Kim,raphael.kim@gmail.com,36112345678,teacher
